<?xml version="1.0"?>
<Runs Version="1" Minor="0">
	<Run Id="synth_1" LaunchDir="C:/Users/lscho/OneDrive - High Point University/Fall 2022-DESKTOP-Q45C1DH/ECE-4805 - Computer Architecture/Project/pipeline/pipeline.runs/synth_1" FlowId="Vivado_Synthesis" FromStepId="vivado" ToStepId="vivado"/>
	<Run Id="impl_1" LaunchDir="C:/Users/lscho/OneDrive - High Point University/Fall 2022-DESKTOP-Q45C1DH/ECE-4805 - Computer Architecture/Project/pipeline/pipeline.runs/impl_1" FlowId="Vivado_Implementation" FromStepId="init_design" ToStepId="route_design">
		<Parent Id="synth_1"/>
	</Run>
	<Parameters>
		<Parameter Name="runs.monitorLSFJobs" Val="true" Type="bool"/>
		<Parameter Name="runs.enableClusterConf" Val="true" Type="bool"/>
	</Parameters>
</Runs>

